[
  {
    "qid": "Q4",
    "corpus_len_chars": 129501,
    "num_responses": 209,
    "baseline_mdl": 121.36928434449804,
    "final_refined_motifs": [
      {
        "label": "[DATA_PRIVACY]",
        "description": "A concern regarding the potential erosion of privacy rights due to the widespread availability of property data.",
        "surface_forms": [
          "code",
          "commonwealth records",
          "competing public interests",
          "compliance burden",
          "existing australian privacy principles",
          "expanding individual rights to access, object, erase, correct, and de-index search results",
          "international human rights standards",
          "jurisdictional limitation to australia",
          "media organizations",
          "privacy act",
          "privacy concerns",
          "privacy principles",
          "privacy protection",
          "specific exceptions to these rights within the employment context",
          "the text emphasizes the fundamental importance of privacy for democratic freedoms and other rights"
        ]
      },
      {
        "label": "[EXAMPLE_LABEL]",
        "description": "A concise summary of the excerpt's main points regarding exceptions to individual rights in the employment context.",
        "surface_forms": [
          "competing public interests",
          "privacy act review report",
          "relationships with a legal character"
        ]
      }
    ],
    "l_h_final_motifs": 5.4,
    "l_d_h_final_motifs": 116.33871180656564,
    "total_mdl_with_final_motifs": 121.73871180656565,
    "compression_achieved": -0.36942746206760546,
    "num_raw_motifs_extracted": 161,
    "num_consolidated_motifs": 17,
    "num_globally_refined_motifs": 2
  }
]