[
  {
    "qid": "Q4",
    "corpus_len_for_qid": 129501,
    "num_responses": 209,
    "baseline_mdl": 121.36928434449804,
    "motifs": [],
    "l_h_motifs": 0,
    "l_d_h_motifs": 121.36928434449804,
    "total_mdl_motifs": 121.36928434449804,
    "compression_achieved": 0.0
  },
  {
    "qid": "Q5",
    "corpus_len_for_qid": 134321,
    "num_responses": 213,
    "baseline_mdl": 122.01699851468928,
    "motifs": [],
    "l_h_motifs": 0,
    "l_d_h_motifs": 122.01699851468928,
    "total_mdl_motifs": 122.01699851468928,
    "compression_achieved": 0.0
  },
  {
    "qid": "Q6",
    "corpus_len_for_qid": 115506,
    "num_responses": 195,
    "baseline_mdl": 123.07220662393456,
    "motifs": [],
    "l_h_motifs": 0,
    "l_d_h_motifs": 123.07220662393456,
    "total_mdl_motifs": 123.07220662393456,
    "compression_achieved": 0.0
  }
]