[
  {
    "qid": "Q4",
    "corpus_len_chars": 129501,
    "num_responses": 209,
    "baseline_mdl": 121.36928434449804,
    "final_refined_motifs": [
      {
        "label": "[DATA_SECURITY_POLICY]",
        "description": "Concerns regarding the potential erosion of privacy rights due to the widespread availability of property data",
        "surface_forms": [
          "abuse",
          "australian privacy principles",
          "australian privacy principles 12 and 13",
          "automated decision-making",
          "balance",
          "commercial exploitation",
          "competing public interests",
          "compliance",
          "consent",
          "data collection",
          "data protection",
          "digital economy",
          "existing exemptions for small businesses and employee records",
          "gdpr",
          "international regulations",
          "personal information",
          "privacy principles",
          "privacy rights",
          "specific exceptions",
          "strengthening privacy protections"
        ]
      },
      {
        "label": "[EXCEPTIONS_TO_INDIVIDUAL_RIGHTS]",
        "description": "The proposed individual rights should be subject to exceptions based on competing public interests",
        "surface_forms": [
          "app entities",
          "biometric information",
          "broad exemptions",
          "commercial exploitation",
          "competing public interests",
          "data processing",
          "data protection",
          "employee records",
          "employee rights",
          "employment",
          "employment sector",
          "exceptions to individual rights",
          "freedom of expression",
          "individual rights",
          "law enforcement",
          "legal obligations",
          "legitimate interests",
          "privacy",
          "privacy framework",
          "privacy laws",
          "privacy officer",
          "privacy rights",
          "public interest",
          "right to object",
          "rights",
          "small businesses",
          "targeted marketing"
        ]
      },
      {
        "label": "[ROBUST_PRIVACY_CONTROLS]",
        "description": "The author suggests robust privacy controls as a solution to address these concerns",
        "surface_forms": [
          "consent",
          "data security",
          "privacy controls"
        ]
      },
      {
        "label": "[INTERNATIONAL_STANDING]",
        "description": "The author emphasizes the need for Australia's international standing in privacy law",
        "surface_forms": [
          "privacy law"
        ]
      },
      {
        "label": "[RIGHT_OF_ACTION_FOR]",
        "description": "The excerpt suggests a right of action for individuals to seek court orders for privacy breaches",
        "surface_forms": [
          "privacy breaches",
          "right of action"
        ]
      },
      {
        "label": "[CURRENT_SMALL_BUSINESS_EXEMPTION]",
        "description": "Significant loophole in privacy compliance for high-risk organizations",
        "surface_forms": [
          "privacy breaches"
        ]
      },
      {
        "label": "[LACK_OF_PROACTIVE_DATA]",
        "description": "Current privacy restrictions may hinder effective data protection",
        "surface_forms": [
          "privacy breaches",
          "transparency"
        ]
      },
      {
        "label": "[AUSTRALIAN_PRIVACY_PRINCIPLES]",
        "description": "The text argues for removing an exemption in Australian Privacy Principles 12 and 13 that allows employers to collect and disclose employee information without consent.",
        "surface_forms": [
          "australian privacy principles 12 and 13"
        ]
      },
      {
        "label": "[CONCERNS_ABOUT_EXCEPTIONS_TO]",
        "description": "The excerpt argues against narrowing the existing employee records exemption, highlighting its importance for compliance with international data protection standards and potential limitations on individual rights.",
        "surface_forms": [
          "employee records exemption",
          "individual rights"
        ]
      },
      {
        "label": "[CONFLICTS_BETWEEN_PRIVACY_PRINCIPLES]",
        "description": "The excerpt argues that the current Privacy Act should serve as the baseline for minimum privacy protections across all Commonwealth schemes, rather than relying solely on a privacy law design guide.",
        "surface_forms": [
          "privacy act"
        ]
      },
      {
        "label": "[ALCOHOL_ADVERTISING]",
        "description": "The text highlights the prevalence of alcohol advertising targeting individuals, particularly children, through social media platforms and argues for reforms to prevent the collection and use of personal information for marketing.",
        "surface_forms": [
          "alcohol advertising",
          "consent",
          "marketing practices",
          "privacy",
          "social media"
        ]
      },
      {
        "label": "[FUNDAMENTAL_RIGHTS]",
        "description": "Robust privacy rights are fundamental to freedoms like speech and assembly.",
        "surface_forms": [
          "data protection",
          "freedoms",
          "individual rights",
          "privacy"
        ]
      },
      {
        "label": "[EXCEPTIONS_IN_EMPLOYMENT_CONTEXT]",
        "description": "The text doesn't explicitly detail specific exceptions to these rights within the employment context.",
        "surface_forms": [
          "definition",
          "employment context"
        ]
      },
      {
        "label": "[PRIVACY_IN_EMPLOYMENT]",
        "description": "The text emphasizes the fundamental importance of privacy for democratic freedoms like free speech and holding power accountable.",
        "surface_forms": [
          "access",
          "correct",
          "de-index",
          "erase",
          "individual rights",
          "object"
        ]
      },
      {
        "label": "[FUNDAMENTAL_IMPORTANCE_OF_PRIVACY]",
        "description": "The text emphasizes the fundamental importance of privacy for democratic freedoms like free speech and holding power accountable.",
        "surface_forms": [
          "accountability",
          "data control",
          "freedoms",
          "privacy",
          "rights"
        ]
      },
      {
        "label": "[PRIVACY_RIGHTS]",
        "description": "The text emphasizes the fundamental importance of privacy for democratic freedoms and other rights.",
        "surface_forms": [
          "access",
          "compliance costs",
          "correct",
          "de-index",
          "democratic freedoms",
          "erase",
          "freedoms",
          "individual rights",
          "object",
          "privacy rights",
          "rights"
        ]
      },
      {
        "label": "[PRIVACY_FOR_DEMOCRATIC_FREEDOMS]",
        "description": "The text emphasizes the fundamental importance of privacy for democratic freedoms and other rights.",
        "surface_forms": [
          "access",
          "correct",
          "de-index",
          "erase",
          "individual rights",
          "object"
        ]
      },
      {
        "label": "[EXCEPTIONS_TO_RIGHTS_IN]",
        "description": "The excerpt argues against excluding the right to privacy entirely within the scope of legislation, highlighting the need for careful consideration of costs and benefits before widespread implementation.",
        "surface_forms": [
          "financial abuse",
          "vulnerable individuals"
        ]
      },
      {
        "label": "[CHALLENGES_TO_IMPLEMENTING_EXCEPTIONS]",
        "description": "The excerpt acknowledges the significant scope and potential impact of proposed changes to the Privacy Act, highlighting the need for careful consideration of costs and benefits before widespread implementation.",
        "surface_forms": [
          "benefits",
          "costs"
        ]
      },
      {
        "label": "[BALANCING_PRIVACY_AND_INDIVIDUAL]",
        "description": "The excerpt emphasizes the importance of recognizing privacy as a fundamental human right, citing international instruments and previous parliamentary reports.",
        "surface_forms": [
          "human rights",
          "privacy"
        ]
      },
      {
        "label": "[TARGETED_MARKETING_OF_HARMFUL]",
        "description": "The text emphasizes the importance of preventing the collection and use of personal information for harmful marketing practices, particularly in the context of employment.",
        "surface_forms": [
          "harmful products",
          "marketing practices",
          "personal information"
        ]
      },
      {
        "label": "[NEED_FOR_EXPLICIT_INFORMED]",
        "description": "The text advocates for explicit, informed, and voluntary consent as a key principle for balancing individual privacy rights and legitimate commercial interests.",
        "surface_forms": [
          "consent",
          "explicit",
          "voluntary"
        ]
      },
      {
        "label": "[JURISDICTIONAL_LIMITATION_AND_BALANCING]",
        "description": "The text discusses the jurisdictional limitation on individual rights and the need to balance this against competing public interests, such as freedom of expression and law enforcement.",
        "surface_forms": [
          "jurisdictional limitation",
          "public interest"
        ]
      },
      {
        "label": "[PRIVACY_RIGHTS_IN_EMPLOYMENT]",
        "description": "The excerpt argues for recognizing privacy as a fundamental right for all Australians and calls for abolishing the existing employee records exemption.",
        "surface_forms": [
          "employee records exemption",
          "legal framework",
          "privacy rights"
        ]
      },
      {
        "label": "[CHALLENGES_OF_DATA_PROTECTION]",
        "description": "The excerpt discusses the complexities of balancing individual rights with broader legal and operational requirements, especially in light of evolving data practices like targeted marketing.",
        "surface_forms": [
          "targeted marketing"
        ]
      },
      {
        "label": "[PROPOSED_CHANGES_AND_IMPLICATIONS]",
        "description": "The excerpt proposes changes to strengthen Australian privacy law, with a focus on exceptions to individual rights in the employment context.",
        "surface_forms": [
          "data protection",
          "digital economy",
          "exceptions to individual rights",
          "privacy law"
        ]
      },
      {
        "label": "[REMOVING_EXEMPTIONS_FOR_SPECIFIC]",
        "description": "The text supports removing existing exemptions related to small businesses, employee records, political parties, and journalism concerning individual privacy rights.",
        "surface_forms": [
          "employee records",
          "exemptions",
          "journalism",
          "political parties",
          "small businesses"
        ]
      },
      {
        "label": "[STATUTORY_TORT_OF_PRIVACY]",
        "description": "The text acknowledges existing Australian Privacy Principles 12 and 13, alongside proposed new individual rights (18.1, 18.2, and 18.3). It highlights the need for a statutory tort of privacy to address shortcomings in current law.",
        "surface_forms": [
          "privacy",
          "statutory tort"
        ]
      }
    ],
    "l_h_final_motifs": 84.19999999999999,
    "l_d_h_final_motifs": 118.7368943482399,
    "total_mdl_with_final_motifs": 202.9368943482399,
    "compression_achieved": -81.56761000374185,
    "num_raw_motifs_extracted": 144,
    "num_consolidated_motifs": 94,
    "num_globally_refined_motifs": 28
  }
]