[
  {
    "qid": "Q4",
    "corpus_len_chars": 293130,
    "num_responses": 209,
    "baseline_mdl": 17860.99097921462,
    "final_refined_motifs": [
      {
        "label": "[RIGHT_TO_ACCESS_PERSONAL]",
        "description": "The right to access personal information held by an entity allows an individual to request access to and an explanation about their personal information, provided that the entity can demonstrate that the request is legitimate.",
        "surface_forms": [
          "personal information",
          "right to access"
        ]
      },
      {
        "label": "[RIGHT_TO_OBJECT_TO]",
        "description": "The right to object to processing of personal information allows an individual to object on grounds relating to their particular situation, at any time to processing of personal data concerning them, provided that the controller demonstrates compelling legitimate grounds for the processing which override the interests, rights and freedoms of the data subject or for the establishment, exercise or defence of legal claims.",
        "surface_forms": [
          "right to object",
          "right to object to the collection"
        ]
      },
      {
        "label": "[PRIVACY_AND_HUMAN_RIGHTS]",
        "description": "The text discusses the importance of privacy and the protection of personal information in the employment context.",
        "surface_forms": [
          "data protection",
          "human rights",
          "privacy"
        ]
      },
      {
        "label": "[PRIVACY_AND_ABUSE_OF]",
        "description": "The text highlights the potential for abuse of private information and the need for strong privacy protections to prevent this.",
        "surface_forms": [
          "consent",
          "data breach",
          "privacy policy"
        ]
      },
      {
        "label": "[CHALLENGES_TO_EFFECTIVE_PRIVACY]",
        "description": "The text discusses the challenges to implementing effective privacy legislation, including the need for robust enforcement mechanisms and the complexity of data privacy issues.",
        "surface_forms": [
          "data breach",
          "enforcement",
          "privacy act 1988",
          "regulation"
        ]
      },
      {
        "label": "[PRIVACY_LAW_DESIGN_GUIDE]",
        "description": "The provision of a privacy law design guide would provide guidance and best practices for businesses on how to design and implement privacy-compliant solutions.",
        "surface_forms": [
          "a privacy law design guide"
        ]
      },
      {
        "label": "[PRIVACY_POLICY]",
        "description": "We support measures to ensure Australian Privacy Principle (APP) entities are given sufficient guidance and time to comply with any changes that are implemented, particularly small and mid-size entities.",
        "surface_forms": [
          "compliance costs",
          "consumer expectations",
          "privacy policies",
          "privacy policy",
          "technology"
        ]
      },
      {
        "label": "[VULNERABILITY_MANAGEMENT]",
        "description": "We support proposals relating to privacy policies and collection notices (Proposals 10.1 to 10.3) consent and privacy default settings (Proposals 11.1 to 11.4) fair and reasonable personal information handling (Proposals 12.1 to 12.3) people experiencing vulnerability (Proposals 17.1 to 17.3) automated decision making (Proposals 19.1 to 19.3) direct marketing, targeting and trading (Proposals 20.1 to 20.9)",
        "surface_forms": [
          "consent",
          "marketing",
          "privacy default settings",
          "targeting",
          "trading",
          "vulnerability"
        ]
      },
      {
        "label": "[DATA_SECURITY]",
        "description": "We recognise there is a need to strike the right balance between privacy rights of individuals and practical issues including consumer expectations, ever-evolving technology and the ways in which businesses and organisations carry out their function.",
        "surface_forms": [
          "compliance costs",
          "digital advertising",
          "employee records",
          "privacy policy",
          "security",
          "technology"
        ]
      },
      {
        "label": "[DATA_SECURITY_POLICY]",
        "description": "The proposal may not provide sufficient reassurance about the inclusion of Condition 6.1(d) in the Privacy Act Review.",
        "surface_forms": [
          "proposal 18.5",
          "proposal 18.6"
        ]
      },
      {
        "label": "[COMPLIANCE_BURDEN]",
        "description": "The report acknowledges the compliance burden associated with privacy law reforms, but suggests that a single set of obligations for all entities may be a clearer approach in the Australian context.",
        "surface_forms": [
          "compliance burden"
        ]
      },
      {
        "label": "[AUTOMATED_DECISION_MAKING]",
        "description": "There is an asymmetry between the data literacy of our general population, and the data literacy of organisations employing data capabilities to produce automated decision-making.",
        "surface_forms": [
          "automated decision-making"
        ]
      },
      {
        "label": "[PRIVACY_LAWS_AND_REGULATIONS]",
        "description": "The report outlines the challenges and opportunities associated with aligning Australia's privacy laws with international standards, protecting individuals' privacy, enhancing cross-border data flows, and generating economic benefits for businesses and the nation.",
        "surface_forms": [
          "cross-border data flows",
          "international standards"
        ]
      },
      {
        "label": "[COMPLIANCE_OBLIGATIONS]",
        "description": "The report proposes a comprehensive approach to compliance with the Australian Privacy Act 1988 (APP), including recommendations for allocating responsibilities, providing guidance, and ensuring transparency.",
        "surface_forms": [
          "compliance obligations",
          "guidance",
          "transparency"
        ]
      },
      {
        "label": "[INDIVIDUAL_RIGHTS]",
        "description": "The report acknowledges and supports the proposed individual rights in the Act, including the right to access, correct, and erase personal information, the right to object to the processing of personal information, and the right to withdraw consent for processing of personal information.",
        "surface_forms": [
          "consent",
          "individual rights",
          "right to access",
          "right to correct"
        ]
      },
      {
        "label": "[PRIVACY_ACT_AND_DATA]",
        "description": "The Privacy Act and Data Protection outlines the legal framework for the protection of personal information in Australia. It applies to all organisations that process the personal information of individuals in Australia, regardless of their location. The Act provides individuals with various rights and protections, including the right to access their personal information, the right to be forgotten, and the right to revoke consent.",
        "surface_forms": [
          "compliance",
          "data protection",
          "personal information",
          "regulations",
          "rights"
        ]
      },
      {
        "label": "[GDPR_STYLE_RIGHTS_AND]",
        "description": "While the proposals in the Report do not consider that the Privacy Act already offers additional rights and protections to individuals which are not reflected in the GDPR, such as the right to anonymity, before introducing GDPR-style rights, the Government should analyse whether and how they intersect with existing privacy protection rights offered to Australians and ensure that there are appropriate exceptions to the application of the new rights, similar to the exceptions that already apply to any individual rights (particularly the right to erasure).",
        "surface_forms": [
          "exceptions",
          "gdpr",
          "rights"
        ]
      },
      {
        "label": "[HARMONISATION_OF_PRIVACY_PROTECTIONS]",
        "description": "The proposals in the Report seek to import GDPR-style data subject rights into the Privacy Act. However, as noted elsewhere, it is important that this takes place in the context of broader efforts across government, and governments, to streamline requirements around data and privacy for industry and seek points of harmonisation and alignment, including by introducing a Council of Tech Regulators. It is also important to ensure that privacy reforms in Australia are coordinated and consistent with reforms in overlapping policy areas such as taxation, consumer protection, and employment law.",
        "surface_forms": [
          "consumer protection",
          "data privacy",
          "harmonisation"
        ]
      },
      {
        "label": "[PRIVACY_REGULATION]",
        "description": "A fundamental feature of the regulatory framework, addressing risks posed by new and emerging technologies.",
        "surface_forms": [
          "individual rights",
          "privacy regulation",
          "tiered approach to enforcement"
        ]
      },
      {
        "label": "[JOURNALISM_EXEMPTION]",
        "description": "The proposal seeks clarification on the scope and limitations of the journalism exemption and related provisions.",
        "surface_forms": [
          "journalism exemption",
          "privacy law"
        ]
      },
      {
        "label": "[PRIVACY_RIGHTS]",
        "description": "The right to privacy is essential for protecting personal freedoms and ensuring accountability of data-extractive companies.",
        "surface_forms": [
          "a right to access and explanation",
          "a right to correction",
          "a right to de-index search results",
          "a right to erasure",
          "consent",
          "data breach",
          "data privacy",
          "data protection",
          "human rights",
          "privacy act 1988",
          "privacy policy",
          "privacy regulation"
        ]
      },
      {
        "label": "[CONSENT]",
        "description": "Meaningful consent should be obtained before collecting, using, or disclosing personal information.",
        "surface_forms": [
          "informed consent"
        ]
      },
      {
        "label": "[CORPORATE_POWER_AND_PRIVACY]",
        "description": "Protecting privacy is also essential to our democracy and to rein in the corporate power of data-extractive companies.",
        "surface_forms": [
          "a right to access and explanation",
          "a right to correction",
          "a right to de-index search results",
          "a right to erasure",
          "corporate power",
          "data- extractive companies"
        ]
      },
      {
        "label": "[IMPORTANCE_OF_PRIVACY_REFORM]",
        "description": "Privacy reform should increase the ability for people to exercise their rights, including the right to access and explanation, the right to object to the collection, use and disclosure of personal information, the right to erasure, the right to correction, and the right to de-index search results.",
        "surface_forms": [
          "a right to access and explanation",
          "a right to correction",
          "a right to de-index search results",
          "a right to erasure"
        ]
      },
      {
        "label": "[EXCEPTIONS_TO_PRIVACY_LAW]",
        "description": "The text discusses the exceptions to the general exceptions in the Privacy Act 1988, such as the exemption for government agencies and the exemption for personal information used for law enforcement purposes.",
        "surface_forms": [
          "government agencies",
          "law enforcement"
        ]
      },
      {
        "label": "[RIGHT_TO_ERASURE]",
        "description": "The proposal introduces a right to erasure, allowing individuals to request the deletion of their personal information.",
        "surface_forms": [
          "a right to erasure"
        ]
      },
      {
        "label": "[DATA_SUBJECT_RIGHTS]",
        "description": "App entity must provide individuals with access to and correction of their personal information",
        "surface_forms": [
          "data subject rights",
          "personal information"
        ]
      },
      {
        "label": "[RIGHT_TO_OBJECT]",
        "description": "The right to object is a fundamental principle underlying the Act and enables individuals to contest the processing of their personal information on the basis that it is not necessary for the purposes of the proposed reforms.",
        "surface_forms": [
          "right to object"
        ]
      },
      {
        "label": "[RIGHT_TO_ACCESS_AND]",
        "description": "The right to access and explanation allows individuals to be informed about the processing of their personal information and to challenge any inaccuracies or omissions in the processing.",
        "surface_forms": [
          "a right to access and explanation",
          "right to erasure"
        ]
      },
      {
        "label": "[BASIS_FOR_RIGHTS]",
        "description": "The right to privacy is an essential basis for many other rights.",
        "surface_forms": [
          "accountability",
          "freedom of speech and expression",
          "organisation",
          "protest"
        ]
      },
      {
        "label": "[PRIVACY_ACT_REVIEW]",
        "description": "Review of the Privacy Act 1988",
        "surface_forms": [
          "proposal 7: employee records exemption"
        ]
      },
      {
        "label": "[PRIVACY_ACT_AND_ITS]",
        "description": "The Privacy Act must be reviewed and updated to ensure it adequately balances the opportunity for and prosperity of Australians and Australian businesses with changes that will make a real difference to the protection of individuals privacy rights.",
        "surface_forms": [
          "privacy act review report 2022, 2023"
        ]
      },
      {
        "label": "[EMPLOYEE_RECORDS_EXEMPTION]",
        "description": "The employee records exemption should be abolished as it is inconsistent with Australian state and territory privacy legislation and international regulations.",
        "surface_forms": [
          "employee records exemption",
          "employee records exemption proposal 7.1"
        ]
      },
      {
        "label": "[DEMOCRACY_AND_PRIVACY]",
        "description": "Protecting privacy is essential to our democracy and to rein in the corporate power of data- extractive companies.",
        "surface_forms": [
          "a right to access and explanation",
          "a right to correction",
          "a right to de-index search results",
          "a right to erasure"
        ]
      },
      {
        "label": "[PRIVACY_LAW_DEVELOPMENTS_IN]",
        "description": "The introduction of a statutory cause of action would assist with the development of a coherent jurisprudential base to guide future judicial discourse related to privacy law developments.",
        "surface_forms": [
          "statutory cause of action"
        ]
      },
      {
        "label": "[CONSENT_AND_PRIVACY]",
        "description": "We support proposal 11.4 that online privacy settings should reflect the privacy by default framework of the Act and that APP entities that provide online services should be required to ensure that any privacy settings are clear and easily accessible for service users.",
        "surface_forms": [
          "consent",
          "online privacy",
          "privacy settings"
        ]
      },
      {
        "label": "[DIRECT_MARKETING_AND_TARGETED]",
        "description": "The Privacy Act should be updated to address the specific risks associated with direct marketing and targeted marketing, including high volumes of data and the potential for high cost and limited benefit.",
        "surface_forms": [
          "direct marketing"
        ]
      },
      {
        "label": "[PRIVACY_OF_INDIVIDUALS]",
        "description": "The proposal strengthens the privacy of individuals by requiring organisations to have a clear and concise privacy policy that outlines how they collect, use, and disclose personal information.",
        "surface_forms": [
          "privacy policy"
        ]
      },
      {
        "label": "[FAIR_AND_REASONABLE_PERSONAL]",
        "description": "The proposal requires organisations to have a clear and concise privacy policy that outlines how they will handle personal information in a fair and reasonable manner.",
        "surface_forms": [
          "privacy policy"
        ]
      },
      {
        "label": "[STANDARDISATION_OF_PRIVACY_POLICIES]",
        "description": "The proposal requires government-led regulation to develop and implement standardised templates and layouts for privacy policies and collection notices, as well as standardised terminology and icons.",
        "surface_forms": [
          "standardised templates and layouts"
        ]
      },
      {
        "label": "[EXEMPTIONS]",
        "description": "The proposal removes exemptions for small businesses, employee records, political parties and journalism from the requirement to have a privacy policy.",
        "surface_forms": [
          "exemptions"
        ]
      },
      {
        "label": "[STATUTORY_TORT_OF_PRIVACY]",
        "description": "The proposal introduces a statutory tort of privacy that would allow individuals to seek compensation for significant harm caused by an organisation's violation of their privacy rights.",
        "surface_forms": [
          "statutory tort of privacy"
        ]
      }
    ],
    "l_h_final_motifs": 171.5,
    "l_d_h_final_motifs": 17278.0746808927,
    "total_mdl_with_final_motifs": 17449.5746808927,
    "compression_achieved": 411.4162983219212,
    "num_raw_motifs_extracted": 126,
    "num_consolidated_motifs": 88,
    "num_globally_refined_motifs": 42
  }
]