{
    "Q5": {
        "privacy_regulator_roles": [
            {
                "name": "Enforcement of privacy obligations",
                "key_concepts": [
                    "compliance",
                    "enforcement",
                    "public_interest"
                ]
            },
            {
                "name": "Development of privacy codes",
                "key_concepts": [
                    "standards",
                    "codes",
                    "guidelines"
                ]
            },
            {
                "name": "Providing training and support to employees and employers on privacy rights and obligations",
                "key_concepts": [
                    "training",
                    "education",
                    "support"
                ]
            }
        ]
    }
}