{
    "Q5": {
        "purpose": "To provide a framework for the regulation of personal information in the employment context",
        "scope": "The review of the Privacy Act is intended to ensure that its scope and enforcement mechanisms remain fit for purpose in the light of the General Data Protection Regulation (GDPR)",
        "proposals": [
            {
                "id": 11.4,
                "title": "Privacy should be built into the Privacy Act by design and by default",
                "description": "Proposal 11.4 would see privacy be built into the Privacy Act by design and by default, replicating the paramount principle in the GDPR in Article 25 to include data protection by design and by default such as: appropriate technical and organisational measures which are designed to implement data- protection principles in an effective manner and to integrate the necessary safeguards into the processing in order to meet the requirements of this Regulation and protect the rights of data subjects."
            },
            {
                "id": 18.2,
                "title": "Exemptions for data rights of the individual",
                "description": "Proposal 18.2 seeks to introduce broad exemptions to the data rights proposed if the exemption falls within one of three classes: competing public interests, relationships with a legal character, and technical exceptions. However, it is important to recognize that these exemptions do not operate as of right."
            },
            {
                "id": 18.6,
                "title": "Restrictions in respect of technical incapacity",
                "description": "Proposal 18.6 proposes restrictions in respect of technical incapacity, which could have a chilling effect on legitimate use of data. It should instead be a limited defence to civil and criminal proceedings instituted under the Privacy Act that an entity could not comply with a provision of the Act in respect of a demonstrated technical incapacity to secure compliance."
            },
            {
                "id": 18.7,
                "title": "Notification about individuals' rights and access to further information",
                "description": "Proposal 18.7 should also be slightly amended to permit an individual to be be notified about their rights and how to obtain further information on the rights, including how to exercise them at any time on request of the individual (rather than just at the time of collection)."
            }
        ]
    }
}