{
    "Q5": {
        "object_type": "Proposal",
        "id": "11.4",
        "description": "Privacy should be built into the Privacy Act by design and by default, replicating the paramount principle in the GDPR in Article 25 to include data protection by design and by default such as: appropriate technical and organisational measures which are designed to implement data- protection principles in an effective manner and to integrate the necessary safeguards into the processing in order to meet the requirements of this Regulation and protect the rights of data subjects.",
        "score": 90,
        "recommendation": "The proposal is strongly supported and should be adopted to ensure that the Privacy Act includes protections for persons experiencing vulnerability."
    }
}