{
  "Q5": {
    "data_protection_role_of_the_privacy_regulator": [
      "upholding the protection of personal data",
      "promoting transparency and accountability in the processing of personal data",
      "addressing the public interest in the protection of personal data"
    ]
  },
  "Q3": {
    "purpose": "Provide enhanced transparency to employees regarding what their personal and sensitive information is being collected and used for",
    "details": [
      "The Privacy Act makes clear that the principle of data protection (i.e., privacy) is the paramount principle for determining any further terms within the GDPR.",
      "The Review Report then provides some of the circumstances which it is considered would be included, such as the nature and volume of the information, or the context in which the information is handled.",
      "Entities must support, and to the extent reasonably possible enable, individual choices of what personal information is being collected and for what purposes."
    ]
  }
}