{
  "Q5": [
    {
      "core_theme_name": "123_minimization_adm_stronger_technique",
      "keywords": [
        "business",
        "direct",
        "employee",
        "exemption",
        "people",
        "right",
        "small"
      ],
      "unique_respondent_count": 179,
      "example_quotes": [
        {
          "response_id": 311940772,
          "quote": "We need a direct right of action and a statutory tort for serious invasion of privacy."
        },
        {
          "response_id": 377701622,
          "quote": "Privacy reform should increase the ability for people to exercise their rights, including: a) A right to access and explanation, b) A right to object to the collection, use and disclosure of personal information, c) A right to erasure, d) A right to correction, and e) A right to de-index search results."
        },
        {
          "response_id": 913515276,
          "quote": "Part 1 sets out the Law Councils key comments and positions on the following proposals and the accompanying consultation questions:  3: Objects of the Act  4: Personal information, de-identification and sensitive information  6: Small business exemption  7: Employee records exemption  8: Journalism exemption  12: Fair and reasonable personal information handling  13: Additional protections  18: Individual rights  19: Automated decision making  20: Direct marketing, targeting and trading  23: Overseas data flows  25: Enforcement  26: A direct right of action  27: Statutory tort for serious invasions of privacy  28: Notifiable data breaches scheme 8."
        }
      ]
    }
  ],
  "Q3": [
    {
      "core_theme_name": "68_54_7eleven_clearview_vanessa",
      "keywords": [
        "collection",
        "consent",
        "deidentified",
        "employee",
        "fair",
        "reasonable",
        "requirement"
      ],
      "unique_respondent_count": 163,
      "example_quotes": [
        {
          "response_id": 245446738,
          "quote": "Y DIGI is supportive in principle of this proposal, provided that there is an acknowledgement under Proposal 21.3 that the reasonable steps may different for personal information and de-identified information."
        },
        {
          "response_id": 351809041,
          "quote": "Amending the Privacy Act to narrow or remove the exemption will unnecessarily interfere with the employer-employee relationship."
        },
        {
          "response_id": 921621765,
          "quote": "Woolworths Group Recommendation 6: Consult on consent for precise geo-location tracking practices to facilitate appropriate operational exceptions (such as tracking delivery drivers to provide real-time updates to customers) and prevent consent fatigue."
        }
      ]
    }
  ]
}